"stateAbbreviation","state","Reciprocity","ReciprocityDetails","proofOtherOrAllStateLicense","stateResidencyProof","passportSizePhoto","driversLicensePhotoCopy","nameChangeProof","socialSecurityCopy","Hours","HoursOnly","MBLEX_or_NCBTMB","goodHealthClearance","BoardBackgroundCheckFee","stateApplyingBackgroundCheck","DOJ_backgroundCheck","applicationCost","licensingCost","licenseRenewalFee","CPR_certification","licensingETA","healthReferences","CEU","timeLicenseValidYears","liabilityInsurance","schoolTranscripts","MBLEX_transcript","LMT_jobsListed","LMT_avgHourly","LMT_avgAnnualSalary","Zillow_2BR_10cityAverageHomeValue","median2018IncomeByState","total_state_population","percent_black","percent_white","percent_two_or_more","percent_Native_American","percent_Asian","percent_Pacific_Islander","percent_Latino","cashier_jobsListed","cashier_avgHourly","cashier_avgAnnualSalary","remote_jobsListed","remote_avgHourly","remote_avgAnnualSalary","personalTrainer_jobsListed","personalTrainer_avgHourly","personalTrainer_avgAnnualSalary","houseCleaner_jobsListed","houseCleaner_avgHourly","houseCleaner_avgAnnualSalary","warehouse_jobsListed","warehouse_avgHourly","warehouse_avgAnnualSalary","security_jobsListed","security_avgHourly","security_avgAnnualSalary","nanny_jobsListed","nanny_avgHourly","nanny_avgAnnualSalary","clerical_jobsListed","clerical_avgHourly","clerical_avgAnnualSalary","tutor_jobsListed","tutor_avgHourly","tutor_avgAnnualSalary","dataScientist_jobsListed","dataScientist_avgHourly","dataScientist_avgAnnualSalary","nurses_jobsListed","nurses_avgHourly","nurses_avgAnnualSalary","personalAssistant_jobsListed","personalAssistant_avgHourly","personalAssistant_avgAnnualSalary","chiropractor_jobsListed","chiropractor_avgHourly","chiropractor_avgAnnualSalary","physicalTherapist_jobsListed","physicalTherapist_avgHourly","physicalTherapist_avgAnnualSalary","esthetician_jobsListed","esthetician_avgHourly","esthetician_avgAnnualSalary","medicalSpaEsthetician_jobsListed","medicalSpaEsthetician_avgHourly","medicalSpaEsthetician_avgAnnualSalary","medicalDoctor_jobsListed","medicalDoctor_avgHourly","medicalDoctor_avgAnnualSalary","pilatesInstructor_jobsListed","pilatesInstructor_avgHourly","pilatesInstructor_avgAnnualSalary","businessListings_chiropractor","businessListings_wellness_clinic","businessListings_massage_spa","businessListings_yoga","businessListings_gym","businessListings_coffee","businessListings_health_food","businessListings_hair_salon","businessListings_tanning","TwoBedroomApartment_Listings__10cities","Rent2BR2BA_MinPrice__10cities","Rent2BR2BA_MaxPrice__10cities","Rent2BR2BA_Listings_10cities","businessListings_jail_or_prison","businessListings_collision","businessListings_university_or_college","businessListings_convalescent"
"AK","Alaska",NA,NA,NA,NA,NA,NA,NA,NA," 500; hours are required on or before June 30, 2019
625 hours are required on or after July 1, 2019 anatomy & physiology & pathology & kinesiology 500/130, 625/162; massage theory & practical application 500/220, 625/275; clinical practice 500/110, 625/138; ethics & law 500/40, 625/50",500,"yes",NA,"yes","yes","yes","200","290",NA,NA,"12 weeks",NA,"17",NA,NA,"yes","yes",115,50.6764705882353,97500,244501.666666667,74346,"737438","3.4","64.4","8.4","15.1","6.3","1.1","7.2",306,12.1847290640394,25344.236453202,770,42.6506493506494,88713.3506493508,140,NA,NA,25,11.6,24128,630,16.8407777777778,35028.8177777778,417,14.9724220623501,31142.6378896882,"103",12.8543689320388,26737.0873786407,681,21.5291556534508,44780.6437591777,621,17.9991948470209,37438.3252818035,112,54.2463942307692,112832.5,773,59.2840232858991,83557.6966364812,250,19.6170212765957,55666.9696969697,55,NA,NA,246,NA,NA,70,21,43680,592,27.8966469594595,58025.0256756758,669,35.6697159940209,233191.283931357,NA,NA,NA,1505,241,1113,456,559,1051,619,1244,281,69,1404.40322580645,1532.58333333333,1431.67741935484,170,281,368,1239
"AL","Alabama",NA,NA,NA,NA,NA,NA,NA,NA,"650; total, accepts CEUs and out of state to make difference, see notes2,  100 hours of anatomy and physiology consisting of 35 hours of myology, 15 hours of osteology, 10 hours of circulatory system, 10 hours of nervous system, and 30 hours of other body systems at the discretion of the school; (ii) 40 hours of pathology; (iii) 250 hours of basic massage therapy, contradistinctions of massage therapy, contraindications to massage therapy, and related touch modalities, to include a minimum of 50 hours of supervised massage; (iv) 50 hours of miscellaneous required courses including business, hydrotherapy, first aid, cardiopulmonary resuscitation, and professional ethics; (v) 210 hours of electives to be determined by the school

 
",650,"yes",NA,"yes","45","yes","25","100",NA,NA,NA,NA,NA,NA,"yes","yes","yes",149,24.6492537313433,38256.625,104537.098360656,49861,"4887871","26.7","67.7","2.1","0.5","1.3","0.0","4.3",657,9.81678082191781,20418.904109589,784,41.718112244898,86773.6734693879,270,26.4347826086956,54984.3478260869,263,12.8705533596838,26770.7509881423,753,14.680796812749,30536.0573705179,612,13.6768790849673,28447.908496732,"166",13.0128205128205,27066.6666666666,757,15.0968758256275,31401.5017173052,632,17.7944462025316,37012.4481012657,355,56.7084134615385,117953.5,802,28.6055939226519,74066.3672069825,436,10.7528409090909,36909.6754807692,84,24.0878378378378,50102.7027027026,664,40.7095476190476,84675.859047619,201,17.7135,36844.08,549,19.7017790262172,40979.7003745318,743,20.2235868102288,241291.34589502,91,62.5,130000,1100,264,1233,766,1029,848,961,1518,358,424,1026.67149758454,1400.54920634921,1158.34057971014,280,632,790,1465
"AR","Arkansas",NA,NA,"yes",NA,NA,"yes",NA,"yes","500; 175 hours of education in anatomy, physiology, pathology, and contraindications and 225 hours of education in massage therapy technique. Additionally, a student must have 25 hours in each of the following:

Hygiene and infection control
Hydrotherapy, heliotherapy, and electrotherapy
Law, professional ethics, and business management, as they relate to massage therapy practice
The remaining 25 hours are to be in other related subjects as approved by the Board.",500,"yes, and state exam",NA,"yes","25","yes","75","80",NA,NA,NA,NA,"18","2; https://www.integrativehealthcare.org/Arkansas-Massage-CEU/  Massage therapy continuing education requirements for license renewal vary from state to state and the laws are constantly changing. It is our current understanding that Arkansas requires massage therapists to complete 18 CE hours every 2 years for license renewal.",NA,NA,"yes, and state exam",170,NA,42500,114929.764705882,47062,"3013825","15.2","76.5","2.9","0.7","1.6","0.3","7.6",620,10.437610619469,21710.2300884955,777,39.0643500643501,81253.8481338482,275,21.8461538461538,45439.9999999999,119,13.5,28080,732,14.4544057377049,30065.1639344262,577,11.7850953206239,24512.9982668977,"295",13.2913793103448,27646.0689655172,729,14.5618930041152,30288.7374485596,541,13.9621072088725,29041.1829944548,254,33.8766402714932,70463.4117647059,791,32.3710493046776,98408.8953900709,260,13.7745,41751.775,75,13,27040,588,49.7629063097514,103506.845124283,165,13.125,27300,306,24.2896380090498,50522.4470588236,705,18.8876879432624,170017.10141844,45,62.5,130000,1086,287,1038,616,876,749,793,1444,335,253,942.241803278689,1350.14857142857,1075.25204918033,230,509,576,1394
"AZ","Arizona","Yes"," 2. License by reciprocity based on out-of-state license (A.R.S. ?? 32-4222(link is external) & 32-4223(link is external) and A.A.C. R4-Yes","yes","yes","yes",NA,NA,NA,"700;",700,"yes",NA,"22","yes","no","195","0",NA,NA,NA,NA,"24","2",NA,"yes","yes",718,36.4818941504178,72501.5668523677,240336.2890625,59246,"7171646","4.7","78.0","4.0","4.6","3.3","0.2","31.6",751,13.340878828229,27749.0279627163,779,40.5462130937099,84336.1232349166,645,21.8643410852713,45477.8294573643,661,17.6070726172466,36622.7110438729,794,18.1919395465995,37839.234256927,638,16.8805642633229,35111.5736677116,"691",17.1215629522431,35612.8509406657,773,22.3223221216041,46430.4300129365,734,29.9468664850136,62289.4822888283,668,45.1636022330564,93940.2926447574,823,44.0291616038882,94940.0018226002,680,18.4632352941176,64600.7779411765,704,25.7856628242075,53634.1786743516,764,42.3990510471204,88190.0261780104,698,32.2550143266476,67090.429799427,699,16.2660944206009,33833.4763948499,781,23.2477592829705,89078.4468629962,548,56.5,117520,1573,1400,1520,1501,1505,1509,1534,1543,1340,761,1311.59920106525,1959.48698315467,1584.65845539281,514,1502,1515,1503
"CA","California",NA,NA,NA,NA,"yes","yes",NA,NA,"500; at least 100 anatomy & physiology",500,"no",NA,"no","yes","yes","200","0",NA,NA,"8 weeks","no","no","2","no","yes","no",609,42.0180049668874,74362.7287735849,669171.593283582,75277,"39557045","5.8","59.5","5.1","0.8","14.7","0.4","39.3",807,15.0492565055762,31302.4535315985,767,40.609517601043,84467.7966101694,598,41.3879598662207,86086.956521739,594,19.7920454545455,41167.4545454546,781,19.7575800256082,41095.7664532651,665,22.8775563909774,47585.317293233,"607",28.5370675453048,59357.100494234,767,24.1722099087353,50278.1966101694,769,40.1736020806242,83561.0923276983,610,79.8040565480587,165992.437619962,806,78.5076799007444,115931.553349876,638,22.4196656050955,68168.1942675159,478,39.6575052854123,82487.6109936576,790,65.1992727272727,135614.487272727,597,59.7302405498282,124238.900343643,235,17.9193548387097,37272.2580645162,791,57.6747977243995,166582.323640961,505,57.1031578947368,118774.568421053,1562,1231,1518,1440,1502,1500,1535,1517,1122,753,2812.40242261104,4204.59270998415,3384.57738896366,471,1373,1369,1509
"CO","Colorado","Yes"," by endorsement-400 hours in practice written by employer per year for last two years and 24 hours CEU for each year of the last two years","yes",NA,NA,"yes","yes","yes","500;",500,"yes",NA,"yes","yes","yes",NA,"200",NA,NA,"12 weeks",NA,"24","2, expires the last day Dec. 31 within 2 years of issue","yes","yes","yes",708,37.1628733997155,43194.4444444444,327365.428571429,71953,"5695564","4.2","84.1","4.0","1.0","3.2","0.1","21.7",729,14.0555555555556,29235.5555555556,763,39.9338138925295,83062.3328964614,614,42.3834154351396,88157.5041050904,636,17.9772012578616,37392.5786163521,822,17.8412712895377,37109.8442822384,639,29.318661971831,60982.8169014085,"556",20.3911870503597,42413.6690647482,795,19.5608050314465,40686.4744654087,726,27.3181818181818,56821.8181818181,606,53.5569554966106,111398.46743295,831,43.8008423586041,81062.2972322503,711,18.6990044576523,102542.220815752,646,43.0743034055727,89594.5510835912,741,59.693657219973,124162.807017544,588,40.1258503401361,83461.7687074831,601,23.3515617715618,48571.2484848485,780,38.7814102564103,127499.605128205,531,67.4004030710173,140192.838387716,1489,1190,1461,1366,1396,1380,1399,1544,1158,571,1705.29359430605,2701.2207293666,2158.2962633452,593,1285,1295,1501
"CT","Connecticut","Yes"," by endorsement, verification of each state license ever held, MBLEX score, proof of practice at least Yes","yes",NA,NA,NA,NA,NA,"750; in class instruction only and 60 hours unpaid and supervised internship",750,"yes",NA,"yes","yes","yes","379.75",NA,"255",NA,NA,NA,"24 per 4 years, min. 6 online, and NCBTMB approved for all","2, expires the next birth month following issue","yes","yes","yes",758,42.1160949868074,49893.7308707124,212252.404761905,76348,"3572665","11.0","75.2","3.4","0.3","4.6","0.0","16.5",695,12.5209352517986,26043.5453237411,760,40.2651315789474,83751.4736842106,690,30.2942028985507,63011.9420289855,631,16.86529318542,35079.8098256736,797,19.3216562107905,40189.0449184442,655,19.8893893129771,41369.9297709924,"482",23.0757261410788,47997.5103734439,763,22.9279816513761,47690.2018348623,675,48.1703703703704,100194.37037037,722,45.3062335802858,94236.9658469945,824,41.4321905339806,97515.030946602,681,20.0367107195301,64828.6505139501,240,26.125,54340,779,51.5637096774194,107252.516129032,615,28.1406504065041,58532.5528455285,80,17.5,36400,787,22.7738246505718,121633.038119441,309,54.21484375,112766.875,1547,1015,1511,1503,1501,1501,1520,1515,932,173,2096.52121212121,3032.31746031746,2402.5303030303,536,996,1298,1501
"DE","Delaware",NA,NA,"yes",NA,NA,NA,NA,"yes","500; 100 hours of anatomy and physiology
300 hours of technique and theory of massage or bodywork therapy
75 hours of elective courses in the field of massage therapy
25 hours of ethics, law and contraindications.",500,"yes",NA,"yes","yes","yes",NA,"159",NA,1,NA,NA,"24; 3 hours in Ethics, which may be taken in a classroom or online
9 hours of Core credits ? which must be taken in a classroom hands-on setting
12 hours of Elective or Core credits which may be taken online","1-2 years; On 8/31 of even years",NA,"yes","yes",597,31.7729885057471,50000,215976.058823529,64805,"967171","22.5","68.2","2.7","0.5","4.0","0.1","9.5",660,10.4416666666667,21718.6666666667,773,41.2606727037516,85822.1992238033,511,27.2474093264249,56674.6113989638,675,13.0851851851852,27217.1851851852,774,16.904476744186,35161.3116279069,658,14.6622340425532,30497.4468085107,"423",17.3463356973995,36080.378250591,750,22.1626666666667,46098.3466666667,652,23.1103680981595,48069.5656441718,519,46.6346153846154,97000,820,34.8701219512195,150624.336585366,506,13.4042769857434,79522.1945010183,316,28.7943037974684,59892.1518987343,724,49.0709565217391,102067.589565217,466,29.1994750656168,60734.9081364829,164,19.5,40560,781,25.6953329065301,188888.016645327,122,61.9158878504673,128785.046728972,1196,485,1233,1053,1159,1050,1131,1461,600,325,1822.99685534591,2897.23024054983,2301.36006289308,294,1085,927,1502
"FL","Florida",NA,NA,"yes",NA,NA,NA,NA,NA,"500; + 10 hours of Florida Law in class",500,"yes","yes","yes","yes","yes","50","105","105",NA,NA,NA,"2 med. Errors + 1-12 per month active in year on first renewal, next renewal is 1/month up to 24 of 12 relevant to massage, 1 human trafficking, 2 laws, 2 ethics, 2 med. Errors, and 6 general for massage practice","1-2 years; On 8/31 of odd years",NA,"yes","yes",648,31.3969907407407,57311.8491446345,215245.234234234,55462,"21299325","16.0","74.6","2.9","0.3","2.8","0.1","26.1",710,11.3678450704225,23645.1177464788,775,39.5806451612903,82327.7419354838,587,33.1745703839122,69003.1063985374,605,16.1247933884298,33539.570247934,762,15.6600853018373,32572.9774278216,631,15.3876386687797,32006.2884310618,"500",20.625,42900,756,19.1296693121693,39789.7121693121,699,24.7402932761087,51459.8100143061,476,51.6490249946135,107429.971988796,822,39.9896593673966,76255.1581508516,585,17.5221982758621,52317.4162393162,457,19.8260393873085,41238.1619256017,712,61.5905898876404,128108.426966292,587,51.5332197614991,107189.097103918,358,18.6005747126437,38689.1954022989,763,58.4172673656619,119392.638925295,377,56.9427710843373,118440.963855422,1848,1056,1516,1387,1462,1481,1498,1516,895,775,1586.89164490862,2213.60882800609,1842.72780678851,536,1216,1344,1502
"GA","Georgia",NA,NA,"yes",NA,NA,NA,NA,NA,"500; Anatomy, physiology, and kinesiology 125, Theory, technique, and practice 200, pathology 40, ethics 6, business management 4, other topics such as benefits and contraindications, client data collection and documentation, therapeutic relationships, and universal precautions 125.",500,"yes",NA,"yes","yes","yes","125",NA,NA,NA,NA,NA,NA,NA,NA,"yes","yes",359,40.9265536723164,50321.5339233038,192060.489795918,58756,"10519475","31.6","58.3","2.7","0.3","4.1","0.1","9.7",610,10.5588114754098,21962.3278688524,785,36.4968152866242,75913.3757961783,448,30.0039503386005,62408.216704289,476,17.1831210191083,35740.8917197453,679,17.1823269513991,35739.2400589101,578,12.0534709193246,25071.2195121952,"392",16.4170918367347,34147.5510204082,669,17.9977578475336,37435.3363228699,593,21.2293423271501,44157.0320404722,349,57.6923076923077,120000,722,38.9456578947368,91110.237534626,427,19.5538641686183,74781.8798543689,336,39.4555214723926,82067.4846625766,625,53.2707006369427,110803.057324841,382,61.4336870026525,127782.068965517,498,19.6997950819672,40975.5737704918,708,27.050988700565,194505.52259887,276,56,116480,1185,900,1270,1079,1189,1129,1168,1403,797,610,1465.89368770764,2281.12126865672,1817.79235880399,446,968,1085,1378
"HI","Hawaii",NA,NA,NA,NA,NA,NA,NA,NA,"570; 50 anatomy/physiology/kinesiology, 100 massage theory and procedures, 420 as an apprentice or in a school with 310 intern hours and a split of sanitation, record keeping, office procedures, and advanced techniques",570,NA,NA,"yes","yes","yes","50",NA,NA,1,NA,NA,NA,NA,NA,"yes",NA,280,31,81461.5,574836.5625,80212,"1420491","2.0","24.3","24.3","0.2","37.6","10.2","10.7",524,12.6152671755725,26239.7557251908,771,38.4370946822309,79949.1569390403,165,NA,NA,151,14.0331125827815,29188.8741721855,760,22.3404671052632,46468.1715789475,619,16.7421243941842,34823.6187399031,"237",12.6582278481013,26329.1139240507,760,19.1375,39806,629,20.5596184419714,42764.0063593005,496,50.6038461538462,105256,811,40.9840258939581,96387.5154130703,608,15.9536256323777,80270.2115384615,80,24,49920,639,46,95680,285,104.026315789474,216374.736842106,168,29.0625,60450,646,23.9427244582043,214006.724458204,111,75,156000,1373,350,1454,1319,1313,1420,1383,1501,211,79,2642.29577464789,4816,2691.43661971831,285,347,1270,1365
"IA","Iowa",NA,NA,"yes",NA,NA,NA,NA,NA,"600;",600,"yes",NA,"yes","yes","yes","120",NA,NA,NA,NA,NA,NA,NA,NA,"yes","yes",355,34.1257575757576,45363.2075471698,129324.619047619,55955,"3156145","3.6","90.2","2.2","0.4","2.5","0.1","6.1",670,10.9585820895522,22793.8507462686,781,44.7061459667093,92988.7836107553,317,28.1596091205212,58571.9869706841,405,12.8564814814815,26741.4814814815,768,17.9085872395833,37249.8614583333,627,15.4135814360771,32060.2493870404,"165",14.530303030303,30223.0303030302,759,17.8758036890646,37181.6716732544,625,15.8408,32948.864,280,NA,NA,832,30.0577944711538,84455.6442307692,255,19,50203.085106383,160,16.5666666666667,34458.6666666667,462,35.035,72872.8,110,18,37440,364,27.5031172839506,57206.4839506172,743,20.5006729475101,162868.485868102,75,58.98,122678.4,1364,306,1228,959,975,980,953,1479,514,199,1142.67724867725,1410.91549295775,1236.73015873016,247,346,685,1443
"ID","Idaho","Yes","  by endorsement, $Yes","yes",NA,NA,NA,NA,NA,"500; 200 massage practice of assessment and application, 125 anatomy/physiology/kinesiology, 40 pathology, 20 business/ethics, 110 clinical applications",500,"yes, if new applicant and not being endorsed out of state",NA,"yes","yes","yes","115",NA,NA,NA,"12 weeks",NA,"6 anually, 1 in ethics","1, expires anually on applicant's birthday",NA,"yes","yes",318,37.555910543131,30000,238004.333333333,55583,"1754208","0.7","89.9","3.0","1.3","1.5","0.2","12.7",671,9.99627421758569,20792.2503725782,776,37.8917525773196,78814.8453608248,160,20.801724137931,43267.5862068965,379,15.2688022284123,31759.1086350976,754,14.2235212201592,29584.9241379311,494,14.314801980198,29774.7881188118,"180",14.2375,29614,763,15.8132241153342,32891.5061598951,554,18.9629963898917,39443.0324909747,231,NA,NA,794,47.5780730478589,89906.3543613707,423,15.7535885167464,57509.6374045801,205,25.0769230769231,52160.0000000001,549,37.4332,77861.056,235,20.625,42900,299,25.3660714285714,52761.4285714285,670,25.0866417910448,196058.955223881,120,58.485,121648.8,1141,331,1153,674,773,981,807,1392,373,86,1266.17721518987,1477.1746031746,1347.71518987342,220,293,380,1403
"IL","Illinois","Yes","  by endorsement ","yes",NA,NA,NA,NA,NA,"600;",600,"yes",NA,"yes","yes","yes",NA,"175",NA,NA,NA,NA,NA,NA,NA,"yes","yes",511,38.7448630136986,51722.6151315789,202689.329896907,65030,"12741080","14.1","71.7","2.7","0.3","5.6","0.0","17.3",708,11.9551200564972,24866.6497175142,783,39.6143039591315,82397.7522349935,483,37.5189732142857,78039.4642857143,462,16.8271334792123,35000.4376367616,791,18.2929835651075,38049.4058154236,623,14.6733547351525,30520.5778491172,"437",19.7551487414188,41090.7093821511,769,18.3051105331599,38074.6299089726,679,27.9374079528719,58109.8085419736,497,32.4291499528079,67452.6319018405,844,34.6911611374408,81347.5921248143,523,18.4320486815416,53936.5517241379,505,29.6091836734694,61587.1020408163,643,37.0781609195402,77122.5747126436,480,33.3965909090909,69464.9090909091,466,21.5764802631579,44879.0789473684,747,34.8888888888889,97743.1646586345,401,35.1334269662921,73077.5280898876,1456,1001,1443,1075,1252,1266,1162,1516,892,260,2086.44047619048,3210.27947598253,2566.09722222222,402,1127,1133,1512
"IN","Indiana",NA,NA,"yes",NA,"yes","yes","yes",NA,"625; 500 before 7/1/2019",625,"yes; and state exam",NA,"yes","yes","yes","100",NA,NA,NA,NA,NA,NA,NA,"yes","yes","yes",381,38.3706781914894,68365.2052785924,125366.6875,55746,"6691878","9.5","82.8","2.7","0.2","2.3","0.1","7.1",729,10.4875514403292,21814.1069958847,780,42.7147435897436,88846.6666666667,404,22.1995442708333,46175.0520833333,391,14.8803191489362,30951.0638297873,760,17.8414342105263,37110.1831578947,626,13.2254392971246,27508.9137380192,"321",16.6822429906542,34699.0654205607,771,18.5659857328145,38617.2503242542,660,24.3242424242424,50594.4242424242,424,39.1310194403689,81392.5204359673,840,40.8793214285714,71065.1686507937,481,15.0336134453782,60311.0308988764,352,29.952251552795,62300.6832298136,599,46.3117452830189,96328.4301886793,406,33.4326424870466,69539.8963730569,485,23.8904166666667,49692.0666666667,726,25.4974104683196,164859.858126722,324,59.4901315789474,123739.473684211,1259,639,1289,996,1153,1196,1145,1514,662,310,1122.25666666667,1564.8,1304.47833333333,329,925,1128,1503
"KS","Kansas",NA,NA,"yes",NA,NA,"yes","yes",NA,"500;",500,"yes; state written exam required and MBLEX",NA,"yes","yes","yes",NA,"75","75",NA,NA,NA,"no","2",NA,"yes","yes",473,36.16875,46622.7361111111,152226.633802817,58218,"2911510","5.9","84.0","3.7","0.9","2.8","0.1","12.0",692,10.8106936416185,22486.2427745665,750,44.7026666666667,92981.5466666667,486,26.9526748971193,56061.5637860081,478,14.6368921775899,30444.735729387,772,17.4941580310881,36387.8487046633,576,17.0119444444444,35384.8444444444,"247",14.0384615384615,29199.9999999999,774,17.7018927648579,36819.9369509044,605,17.9743801652893,37386.7107438017,383,41.3867788461538,86084.5,833,29.7280012004802,83565.0114045618,477,20.8001763224181,47005.9182389937,196,15.75,32760,660,30.4580573951435,63352.7593818985,466,19.3740875912409,40298.1021897811,394,23.989932885906,49899.0604026845,749,16.3870226969292,186849.646862483,266,62.5,130000,1247,566,1207,973,1033,1044,1071,1427,806,456,1127.1029082774,1492.79781420765,1267.24161073826,360,747,1045,1395
"KY","Kentucky",NA,NA,"yes",NA,"yes",NA,NA,NA,"600; 125 anatomy/physiology, 200 massage/bodywork theory & technique, 200 business of massage therapy, 40 pathology, 35 at school discretion /electives",600,"yes",NA,"yes","yes","yes","125",NA,NA,NA,NA,NA,NA,NA,NA,"yes","yes",539,39.5065543071161,76753.0478927203,193124.316666667,50247,"4468402","7.9","86.7","2.4","0.2","1.5","0.1","3.6",712,10.8298806179775,22526.1516853932,762,44.750656167979,93081.3648293963,332,34.4102564102564,71573.3333333333,380,14.2909967845659,29725.2733118971,770,16.7832012987013,34909.0587012987,607,12.6697693574959,26353.1202635915,"374",14.8736631016043,30937.2192513369,768,16.9950651041667,35349.7354166667,619,18.2047657512116,37865.9127625201,253,24.4741701007326,50906.2738095238,818,38.3059107579462,79805.2143939394,448,16.0165011286682,59268.2297921478,257,22.7436974789916,47306.8907563025,647,49.6942503863988,103364.04080371,317,25.5432363013699,53129.9315068494,320,16.860224137931,35069.2662068965,767,32.7956323337679,187019.369621904,254,55.5232558139535,115488.372093023,1072,278,1101,930,1009,916,946,1423,567,257,1106.63453815261,1607.92537313433,1290.60040160643,230,565,1043,1455
"LA","Louisiana","Yes"," y endorsements","yes",NA,"yes",NA,NA,NA,"500; 325 massage/bodywork theory and application, 125 anatomy/physiology, 50 electives/school expectations on ethics/business/CPR/discretionary course work",500,"yes",NA,"yes","yes","yes",NA,NA,NA,NA,NA,NA,NA,NA,NA,"yes","yes",135,45.5,73022.7272727273,141609.861538462,47905,"4659978","32.4","61.7","2.3","0.6","1.6","0.0","5.1",664,11.1216340361446,23132.9987951808,768,44.798828125,93181.5625,205,13.4,27872,174,11.7530487804878,24446.3414634146,724,14.8230593922652,30831.9635359116,677,12.7400295420975,26499.2614475628,"72",12.6319444444444,26274.4444444444,747,15.4559906291834,32148.4605087015,662,20.5845921450151,42815.9516616314,140,70.1125,145834,817,35.639853121175,87283.4461444308,333,15.4827865612648,91704,65,15,31200,547,48.4316239316239,100737.777777778,367,17.0469314079422,35457.6173285198,347,20.5779816513761,42802.2018348623,740,18.6934121621622,247904.666216216,45,62.5,130000,1151,347,1254,980,1090,950,1008,1516,388,391,1089.74607329843,1429.72084805654,1210.39659685864,394,705,922,1526
"MA","Massachusetts",NA,NA,"yes",NA,"yes",NA,NA,NA,"550; 100 anatomy, 45 kinesiology, 45 pathology, 300 massage theory/practice, 60 ethics/professionalism, 100 intern/hands on training",550,NA,NA,"yes","yes","yes","225",NA,NA,NA,"6 weeks","1",NA,NA,"yes","yes",NA,732,39.2342896174863,46904.675,537437.753424658,79835,"6902149","7.8","77.3","3.4","0.2","6.8","0.0","12.3",726,13.8278236914601,28761.873278237,772,42.6832901554404,88781.2435233161,749,44.9906542056075,93580.5607476636,673,19.4871842496285,40533.3432392273,798,19.3817042606516,40313.9448621553,645,20.2649224806202,42151.03875969,"603",22.8548922056385,47538.1757877281,781,21.7961907810499,45336.0768245838,739,43.6222936400541,90734.3707713125,698,72.5283965384615,150859.0648,826,40.0378692493947,90967.8607748184,741,23.5592105263158,68103.5968703428,444,36.6352657004831,76201.3526570049,787,47.0236538461538,97809.1999999999,652,36.7837423312883,76510.1840490797,215,25.7702702702703,53602.1621621622,795,31.8454465408805,114614.631446541,464,60.4560810810811,125748.648648649,1542,1123,1520,1474,1502,1500,1523,1522,1273,242,3259.35319148936,5127.3202247191,3978.58936170213,863,1421,1302,1507
"MD","Maryland",NA,NA,"yes","yes","yes","yes","yes","yes","600;",600,"yes",NA,"yes","yes","yes","300",NA,NA,1,NA,NA,NA,NA,NA,"yes","yes",752,48.3204787234042,56698.506512301,207428.659574468,83242,"6042718","30.0","54.7","3.7","0.2","6.3","0.1","10.4",725,13.2258620689655,27509.7931034482,775,43.3929032258064,90257.2387096773,723,41.6206777316736,86571.0096818811,680,20.5829411764706,42812.5176470588,786,18.7733015267176,39048.4671755726,704,14.3442116477273,29835.9602272728,"667",19.7818590704648,41146.2668665668,769,23.5529908972692,48990.2210663199,760,41.2185197368421,85734.5210526316,793,59.0439794718207,122811.477301387,834,44.5435491606715,100967.597122302,735,21.108925170068,84456.0469387755,656,16.3140243902439,33933.1707317073,773,57.4921203438395,119583.610315186,682,66.7793255131965,138900.997067449,545,21.9245098039216,45602.9803921569,777,33.1666666666667,144377.786357786,599,56.2844323873122,117071.619365609,1463,1392,1474,1435,1459,1439,1472,1509,875,375,1809.56164383562,2641.53614457831,2179.16575342466,841,1489,1343,1503
"ME","Maine",NA,NA,"yes",NA,NA,NA,NA,NA,"500; 120 anatomy/physiology/pathology, 100 clinical, and others in massage theory/practice, business, ethics, contraindications, etc.",500,"yes",NA,"yes","yes","yes","61",NA,NA,1,NA,NA,NA,NA,NA,"yes","yes",210,35.5609756097561,NA,301941.266666667,55602,"1338404","1.4","94.3","2.2","0.6","1.2","0.0","1.7",713,13.2510518934081,27562.1879382888,784,43.7563775510204,91013.2653061224,110,NA,NA,486,15.0729613733906,31351.7596566524,775,16.6166451612903,34562.6219354838,583,17.9180960548885,37269.6397941681,"130",13.4230769230769,27920,789,20.5589353612167,42762.5855513307,576,18.6701388888889,38833.8888888889,144,72.8125,151450,804,31.7969092039801,78776.8830845771,336,18.9135514018692,57500,168,40.1076923076923,83424,554,38.4741379310345,80026.2068965518,218,16,33280,722,24.3293539325843,50605.0561797753,729,20.2681755829904,209685.841968912,84,62.5,130000,991,252,1206,702,944,1009,1040,1468,281,35,1619.63636363636,2316.11111111111,1670.27272727273,175,368,473,1506
"MI","Michigan",NA,NA,NA,NA,NA,NA,NA,NA,"500; 200 massage practice/theory, 125 body systems/anatomy/kinesiology, 40 pathology, 6 ethics, 4 business, 40 intern",500,"yes",NA,"yes","yes","yes","95",NA,NA,NA,NA,NA,NA,NA,NA,"yes","yes",724,37.2702348066298,54872.1864951769,107764.583333333,56697,"9995915","13.8","78.3","2.9","0.5","3.3","0.0","5.2",752,12.8252659574468,26676.5531914893,782,44.4072890025575,92367.1611253196,521,30.8004201680672,64064.8739495798,582,15.539089347079,32321.3058419243,791,20.5382996207332,42719.6632111251,648,14.6545910493827,30481.549382716,"384",15.13671875,31484.375,783,17.2275159642401,35833.2332056194,713,20.6521739130435,42956.5217391305,535,67.3076923076923,140000,800,42.0120375,85024.120625,651,15.9615975422427,73605.1015228426,565,43.2845259391771,90031.8139534884,735,44.8063973063973,93197.3063973064,539,30.0714285714286,62548.5714285715,280,17.5392156862745,36481.568627451,800,37.011875,183040.575,338,56.6216216216216,117772.972972973,1601,1069,1515,1424,1497,1458,1434,1513,1130,257,1443.65587044534,1941.2487804878,1650.05870445344,444,1396,1377,1502
"MN","Minnesota",NA,NA,NA,NA,NA,NA,NA,NA,NA,NA,NA,NA,"yes","yes","yes",NA,NA,NA,NA,NA,NA,NA,NA,NA,NA,NA,604,35.0893155258765,80233.4465195246,252568.040816327,70315,"5611179","6.6","82.5","3.1","1.1","4.9","0.0","5.5",753,12.425026560425,25844.055245684,774,42.9418604651163,89319.0697674419,538,39.2556818181818,81651.8181818181,590,16.408275862069,34129.2137931035,797,18.1123337515684,37673.6542032623,625,15.02932,31260.9856,"599",22.4415692821369,46678.4641068448,788,20.1028870558376,41814.0050761422,751,23.4059254327563,48684.3249001331,510,NA,NA,807,44.0508921933086,106500.415737299,591,20.8623011844332,83154.7285464098,570,28.5336879432624,59350.0709219858,664,54.1975425330813,112730.888468809,627,81.6625816993464,169858.169934641,509,21.0098231827112,43700.4322200393,774,35.8541472868217,58963.9420600858,517,54.6760154738878,113726.112185687,1547,1263,1415,1256,1297,1343,1328,1531,1165,233,1917.25221238938,2926.39285714286,2346.18805309735,461,1364,1257,1525
"MO","Missouri",NA,NA,"yes",NA,"yes","yes",NA,NA,"500; 300 hours are to be devoted to the theory and practice of massage therapy. At least 100 hours are to be in anatomy and physiology. The curriculum must also include 50 hours in the combined areas of business practice, hygiene, ethics, and Missouri massage law. Another 50 hours are to cover ancillary therapies; CPR training is included in this content strand.",500,"yes",NA,"yes","yes","yes","125",NA,NA,NA,NA,NA,NA,NA,"yes","yes","yes",576,34.1154513888889,41485.0409982175,143279.218181818,54478,"6126452","11.5","82.2","2.8","0.5","2.0","0.1","4.1",725,11.599053030303,24126.0303030302,757,44.2080581241744,91952.7608982828,496,30.0967413441955,62601.2219959266,555,14.4885135135135,30136.1081081081,774,16.9143733850129,35181.8966408268,612,14.0926225490196,29312.6549019608,"452",15.4723451327434,32182.4778761063,756,18.0026521164021,37445.5164021164,679,21.7032400589102,45142.7393225332,513,37.685070311281,78384.9462474645,811,35.9174352651048,85032.2159400545,575,17.3275350877193,48188.9261954262,359,20.568115942029,42781.6811594203,735,39.1376656848306,81406.3446244477,595,24.994298245614,51988.1403508771,392,25.329845814978,52686.0792951542,773,18.3161448900388,124410.006410256,227,61.3372093023256,127581.395348837,1420,717,1390,1215,1273,1299,1285,1503,1064,361,1260.65340909091,1907.37024221453,1504.77272727273,424,870,1312,1504
"MS","Mississippi","Yes"," by endorsement","yes",NA,"yes",NA,NA,NA,"700; 600 academic, 100 clinic, The instructional hours are to be distributed as follows:

Study of the human body is to comprise at least 200 hours. There must be at least 20 hours devoted to each of the following: anatomy, physiology, neurology, myology/ kinesiology, and pathology; pathology coursework is to include medical terminology. The other 100 hours of body systems study may be distributed among the required content areas in any manner.

Massage therapy theory and practicum are together to comprise at least 200 hours. At least 100 of these hours are to consist of demonstration and supervised practice; demonstration and practice is to include client evaluation, draping, and range-of-motion as well as specific massage techniques identified by the Board, for example, kneading, stroking, percussion, vibration, and use of hand-held tools. At least 20 combined hours are to cover massage therapy history, indications, contraindications and benefits. Also included in this content area are 10 hours of study in legality and ethics; this is to include Mississippi massage therapy law.

Allied modalities are to comprise at least 200 hours. The following content must be included:

Eastern, Western, and European methods: 7 hours
Hydrotherapy and infrared heat: 25 hours
Healthcare referral: 20 hours
Charting and documentation: 10 hours
Cardiopulmonary resuscitation and first aid: 8 hours
The remaining hours may consist of additional coursework in the five content areas above or other massage therapy and wellness topics, for example, special populations, trigger points, safety, and communication.",700,"yes",NA,"yes","yes","yes","50","200",NA,1,NA,NA,NA,NA,NA,"yes","yes",146,33.5,48543.0158730159,81255.4230769231,51049,"2986530","38.0","58.1","1.5","0.4","0.9","0.0","2.9",603,10.8023356401384,22468.8581314879,772,44.6509067357513,92873.8860103627,225,21.7209302325581,45179.5348837208,243,11.4151583710407,23743.5294117647,729,13.0669067215364,27179.1659807957,604,10.7479304635762,22355.6953642385,"170",11.4264705882353,23767.0588235294,720,15.6323888888889,32515.3688888889,655,16.2725190839695,33846.8396946566,121,46.9528846153846,97662,791,34.7030657395702,89491.9607293128,293,11.9226618705036,80365.8548387097,88,27.5,57200,568,NA,NA,264,15.490157480315,32219.5275590552,365,23.7909482758621,49485.1724137932,708,27.379936440678,195526.034755134,29,34.1666666666667,71066.6666666667,837,361,892,750,864,780,852,1403,301,158,916.723684210526,1111.44660194175,974.483552631579,331,455,792,1436
"MT","Montana",NA,NA,"yes",NA,NA,NA,NA,NA,"500; 125 hours of instruction in body systems (anatomy, physiology, kinesiology); 200 hours of instruction in massage and bodywork theory, application, and assessment; 40 hours in pathology; ten hours in ethics and business (with no fewer than six hours in ethics).",500,"yes",NA,"yes","yes","yes","140",NA,NA,NA,NA,NA,NA,NA,NA,"yes","yes",45,28.1666666666667,NA,240545.869565217,55328,"1062305","0.5","88.6","3.1","6.4","0.8","0.1","3.9",490,12.1221875,25214.15,768,44.603515625,92775.3125,80,14,29120,55,13.2,27456,613,15.1672104404568,31547.7977161501,386,13.9223575129534,28958.5036269431,"70",15.8928571428571,33057.1428571428,704,17.6187784090909,36647.0590909091,511,14.0508806262231,29225.831702544,90,NA,NA,796,44.2985113065327,82147.692839196,158,14.8196202531646,40000,100,24.2179487179487,50373.3333333333,317,44.2992361111111,92142.4111111111,35,9,18720,436,23.3208236658933,48507.3132250581,651,34.8843164362519,140414.132104455,34,62.5,130000,666,255,845,243,357,570,343,1057,125,35,1310.13333333333,1647.75,1367.28333333333,86,278,247,951
"NC","North Carolina",NA,NA,"yes",NA,NA,NA,NA,NA,"500; The program must be at least 24 weeks in length. The curriculum must contain the following content at a minimum:

200 hours in fundamental theory and practice of massage and bodywork therapy. At least 100 hours of this must be in the application of hands-on methods. Also included in this 200-hour requirement is client assessment skills, indications and contraindications of treatment, body mechanics, draping procedures, infection control, and history of massage and bodywork.
100 hours of anatomy and physiology related to the practice of massage therapy, including instruction of common pathologies
15 hours of professional ethics and North Carolina laws and rules for the practice of massage and bodywork therapy
15 hours of business management practices
20 hours of psychological concepts including therapeutic relationships, and professional communication skills
150 hours in other related courses such as adjunct modalities, specific applications, additional hands-on techniques, or in-depth study of anatomy and physiology.
An official massage therapy school transcript must be submitted direct",500,"yes",NA,"yes","yes","yes","20","150","100",NA,NA,NA,"24 CEU credit hours. This includes a minimum of 3 hours of ethics. A maximum of 6 hours of distance learning and 8 hours of business management can be taken. ","2 years; every Dec 31st",NA,"yes","yes",598,39.1519607843137,73850.7326007326,166565.931034483,53855,"10383620","21.4","68.4","2.9","1.2","3.0","0.1","9.6",683,11.2995973645681,23503.1625183017,786,40.0229007633588,83247.6335877863,495,23.8142105263158,49533.5578947369,680,13.5919117647059,28271.1764705883,753,16.0337848605578,33350.2725099602,615,12.3088617886179,25602.4325203252,"512",17.9765625,37391.25,763,16.7098099606815,34756.4047182175,710,28.3112676056338,58887.4366197183,555,49.1904885654885,102316.216216216,826,45.8430690072639,82989.6979418886,559,15.1886404293381,62609.1887298748,413,24.6646489104116,51302.4697336561,694,53.3720930232558,111013.953488372,556,35.5044964028777,73849.3525179856,413,17.3389447236181,36065.0050251256,775,30.8368387096774,212068.421316166,307,59.3829787234043,123516.595744681,1448,489,1509,1277,1437,1393,1463,1526,743,752,1215.70754716981,1813.24886877828,1469.30727762803,343,824,1187,1506
"ND","North Dakota","Yes"," by endorsement","yes",NA,"yes","yes","yes",NA,"750; 505 supervised, 245 unsupervised; the 505 supervised: anatomy/physiology/kinesiology 150, pathology 40, clinic 175, massage theory 130, CPR/first aid 10, the 245 unsupervised: business 50, clinical 75, other massage modality courses 120",750,"Yes; and a state jurisprudence exam",NA,"yes","yes","yes","150",NA,"200",1,NA,NA,"24 hours; every 2 years, with 10 online at most and the 14 remaining in class","2",NA,"yes","yes",60,24,45569,160193.5,63837,"760077","3.4","85.7","2.3","5.4","1.8","0.0","3.6",493,11.4557453416149,23827.950310559,782,41.0076726342711,85295.9590792839,85,21,43680,288,12.921875,26877.5,661,16.7159606656581,34769.1981845688,453,14.66328125,30499.625,"45",11,22880,665,19.0344962406015,39591.7521804511,543,14.958174904943,31113.0038022814,80,NA,NA,793,43.6640479192938,87594.9949558638,66,17.5,46363.9285714286,NA,NA,NA,280,44.4604580152672,92477.7526717558,70,18.5,38480,656,24.7578125,51496.25,588,51.5385204081633,159827.257575758,15,62.5,130000,832,264,691,359,305,369,321,1014,136,177,993.285714285714,1194.69158878505,1068.74702380952,110,275,259,981
"NE","Nebraska","Yes"," by endorsement","yes",NA,NA,"yes","yes","yes","1000; The massage therapy student will need 100 hours in each of the following areas:

Anatomy
Physiology
Hygiene and Practical demonstration
Hydrotherapy
Pathology
Massage
Health service management",1000,"yes",NA,"yes","yes","yes","110",NA,NA,NA,NA,NA,NA,NA,NA,"yes","yes",129,26.5116279069767,45500,192748.952380952,59566,"1929268","4.7","86.4","3.1","1.0","2.4","0.1","11.1",480,12.7775930851064,26577.3936170213,793,44.5491803278689,92662.2950819673,233,28.1330275229358,58516.6972477065,145,11.75625,24453,753,15.3645949535193,31958.3575033201,432,15.2428240740741,31705.0740740741,"125",16.66,34652.8,738,17.7437330623306,36906.9647696477,585,15.774358974359,32810.6666666667,145,32.7199519230769,68057.5,815,34.7766380368098,83477.9622252747,239,16.6961722488038,50093.75,52,39.5263157894737,82214.7368421053,269,44,91520,60,18,37440,763,24.8662712975098,51721.8442988204,602,24.6199003322259,186849.406126482,75,62.5,130000,718,336,608,601,523,511,529,910,318,199,1099.53125,1461.66666666667,1249.93229166667,170,365,451,1015
"NH","New Hampshire",NA,NA,NA,NA,NA,NA,NA,NA,"750;",750,"yes",NA,"yes","yes","yes","110",NA,NA,1,NA,NA,NA,NA,NA,"yes","yes",476,24.9044585987261,51010.4076433121,227562.85,74991,"1356458","1.7","92.4","2.2","0.3","2.7","0.0","3.9",731,12.2202462380301,25418.1121751026,778,41.857969151671,87064.5758354757,453,38.4034391534392,79879.1534391535,541,16.6393442622951,34609.8360655738,804,18.4580845771144,38392.8159203979,616,16.9768668831169,35311.8831168832,"243",15.8415637860082,32950.4526748971,773,19.1646571798189,39862.4869340233,616,19.0755517826825,39677.1477079796,377,58.0666077217803,120778.544061303,816,36.3025735294118,78682.625,344,20.7892441860465,60842.9455782313,93,13.4568965517241,27990.3448275861,706,39.3418874172185,81831.1258278145,387,23.2619808306709,48384.9201277955,171,22,45760,765,25.0737254901961,172186.787581699,200,62.5,130000,1044,413,1221,915,985,1116,932,1404,534,40,1901.58333333333,2663.56,2160.125,297,676,658,1472
"NJ","New Jersey","Yes"," by Endorsement
A massage therapist can also be licensed on the basis of current credentialing in another U.S. state","yes",NA,"yes","yes","yes","yes","500; 90 hours of anatomy, physiology, pathophysiology
ethics and law;
theory and practice;
electives related to the practice of massage and bodywork therapy;
and at least 100 hours of clinical practice under the supervision of a faculty member legally authorized to practice in the State in which the school exists. ",500,"yes",NA,"yes","yes","yes","120",NA,NA,1,NA,NA,NA,NA,"yes","yes; The course of study must be taken in a school accredited or approved by:

??the New Jersey Department of Education;
the New Jersey Department Labor and Workforce Development;
the New Jersey Commission on Higher Education;
or an agency of another state which substantially meets the requirements of the New Jersey Department of Education,
the New Jersey Department of Labor and Workforce Development; or
the New Jersey Commission on Higher Education.","yes",777,45.965250965251,65573.4234234234,259979.785714286,81740,"8908520","13.6","66.9","2.8","0.2","9.7","0.0","20.6",730,12.1502739726027,25272.5698630136,772,39.7454663212435,82670.5699481865,734,62.4128065395095,129818.63760218,735,21.1517006802721,43995.537414966,803,18.3955790784558,38262.8044831881,627,14.5454545454545,30254.5454545454,"677",21.0450516986706,43773.7075332348,777,33.3365508365508,69340.0257400257,756,100.960978835979,209998.835978836,723,78.2900789411207,162843.364197531,842,45.2559382422803,87621.6733966746,742,29.8182277628032,75206.7971698113,123,22.8684210526316,47566.3157894737,808,53.3273514851485,110920.891089109,788,86.7755393401015,180493.121827411,411,18.1613300492611,37775.5665024631,811,27.6991368680641,196972.974106042,550,52.4103512014787,109013.530499076,1568,1415,1506,1503,1501,1503,1524,1516,1342,230,2801.53811659193,3846.4375,3013.14349775785,1269,1473,1447,1502
"NM","New Mexico","Yes"," License by Credentials or endorsement
Massage therapists may be licensed by credential if they have met similar education and examination requirements in other jurisdictions","yes",NA,"yes","yes",NA,NA,"650; 165 hours of coursework in anatomy and physiology and other closely related disciplines. At least 40 of the required hours in this content strand are to be in pathology. Kinesiology is also to receive coverage.

At least 150 hours are to consist of massage therapy training; this is to include coverage of contraindications.

At least 75 hours are to be in content areas that the Board terms ""general instruction"". No fewer than 30 of the general instruction hours are to be in professional ethics. Also included in this content area are 1) first aid and 2) CPR/AED; the prospective massage therapist will need four hours in each. Hydrotherapy and business are both to receive coverage.

Electives may be in any of the following: theory, hands-on modalities related to massage therapy, breathing and stretching, nutrition, herbology, homeopathy, and counseling. The student may also credit additional hours of anatomy and physiology or massage therapy. Up to 150 hours of practicum may be credited. Other elective topics may be credited, but will need Board approval.

Up to 150 hours of credit may be awarded for prior professional experience carried out under licensure or registration.",650,"yes",NA,"yes","yes","yes","75","125",NA,1,NA,NA,NA,"2 years",NA,"yes","yes",135,28.0434782608696,57000,180789.564102564,47169,"2095428","2.2","76.4","3.2","9.6","1.6","0.1","49.1",593,11.284961928934,23472.7208121827,789,40.3149556400507,83855.1077313055,120,19.375,40300,75,12.55,26104,581,14.7765920826162,30735.3115318417,477,12.7736758474576,26569.2457627118,"115",16.1086956521739,33506.0869565217,704,14.9249147727273,31043.8227272728,582,17.4432989690722,36282.0618556702,280,58.8501075404861,122408.223684211,828,35.0598671497585,89382.7306763285,289,17.2301038062284,78686.2114537445,753,33.1945551128818,69044.6746347942,469,47.92578125,99685.625,85,15,31200,505,22.3071020408163,46398.7722448979,663,37.1123755656109,222658.417797888,92,62.5,130000,768,314,848,732,632,695,648,1119,187,251,1070.9387755102,1443.80239520958,1188.86326530612,164,439,602,1179
"NV","Nevada",NA,NA,"yes",NA,"yes","yes","yes","yes","550; One hundred twenty-five (125) hours of instruction in the body’s systems, including, without limitation, anatomy, physiology and kinesiology;
Two hundred twenty (220) hours of instruction which is taken in a classroom setting with hands-on instruction in assessment, theory and application instruction, which must include not less than 80 hours in clinical instruction;
Forty (40) hours of instruction in pathology;
Twenty (20) hours of instruction in business;
Twenty (20) hours of instruction in ethics; and
One hundred twenty-five hours (125) of instruction in other courses of massage therapy in a classroom setting with hands-on instruction.",550,"yes",NA,"yes","yes","yes","185","295",NA,NA,NA,NA,NA,NA,NA,"yes","yes",718,70.2235793871866,85428.2729805014,264014.692307692,58646,"3034392","9.2","63.4","5.1","1.5","8.2","0.6","29.0",766,12.7136422976501,26444.3759791122,774,44.109173126615,91747.0801033592,627,45.981658692185,95641.8500797448,614,16.2304560260586,33759.3485342019,763,18.330249017038,38126.917955439,662,14.2041163141994,29544.5619335348,"360",16.9791666666667,35316.6666666667,756,17.984623015873,37408.0158730158,663,25.1131221719457,52235.2941176471,99,NA,NA,831,63.8904933814681,96708.8285198556,552,17.4198369565217,82686.5,105,42.5,88400,643,55,114400,617,41.0201096892139,85321.8281535649,467,19.1991434689508,39934.2184154177,753,34.4694555112882,142592.377822045,59,62.5,130000,1475,699,1519,1389,1431,1426,1476,1522,1140,663,1300.10229007634,1958.171875,1586.97557251908,321,1059,1217,1470
"NY","New York",NA,NA,NA,NA,NA,NA,NA,NA,"1000; 150 in clinic, rest as: Complete coursework in anatomy, physiology, neurology, myology or kinesiology, pathology, hygiene, first aid, CPR, infection control procedures, the chemical ingredients of products that are used and their effects, as well as the theory, technique and practice of both oriental and western massage/bodywork therapy.",1000,"yes; NY state exam too, semiannual dates jan 3noth and aug 27th, with applications due by Nov yesst and June yesst for respective exam dates",NA,"yes","yes","yes","108; 35 for limited permit if cannot take NY exam within 1 year",NA,NA,1,NA,NA,NA,NA,NA,"yes","Yes; semiannual NY state exam also needs to be passes",613,45.7537942664418,55637.8466557912,637718.648535565,67844,"19542209","15.7","63.3","3.3","0.4","8.5","0.0","19.2",717,14.1875871687587,29510.1813110181,788,41.2468274111675,85793.4010152284,429,37.5433604336043,78090.1897018969,650,21.4092307692308,44531.2000000001,782,18.4499872122762,38375.9734015345,643,25.8456842923795,53759.0233281494,"450",20.04,41683.2,769,24.2201105331599,50377.8299089726,724,67.0260704419889,139414.226519337,509,82.6946116982058,172004.792332268,822,43.3413199513382,94790.0152068126,686,24.9872813411079,68329.5043731778,508,40.3755060728745,83981.052631579,741,44.2995951417004,92143.1578947368,585,67.1619469026549,139696.849557522,252,16.8648648648649,35078.918918919,790,26.5332911392405,205210.578481013,297,56.5622568093385,117649.494163424,1528,777,1509,1475,1501,1501,1479,1509,1075,266,3098.18217054264,3591.09937888199,3417.75968992248,733,1297,1443,1500
"OH","Ohio","Yes"," by endorsement, if out of state licensed for last five years    https://med.ohio.gov/Apply/Massage-Therapist-MT","yes",NA,NA,NA,NA,NA,"750;",750,"yes",NA,"yes","yes","yes","153.5",NA,"100",NA,NA,NA,"no","2",NA,"yes","yes",583,40.7568610634648,44683.908045977,102083.288,56111,"11689442","12.4","81.0","3.1","0.2","2.3","0.0","3.9",731,12.5760601915185,26158.2051983585,774,40.9760981912145,85230.2842377262,514,24.7844129554656,51551.5789473685,602,14.4304857621441,30015.4103852597,769,16.6817295188557,34697.9973992199,609,12.9028735632184,26837.9770114943,"319",14.9576802507837,31111.9749216301,783,17.4727713920817,36343.3644955299,683,21.1614934114202,44015.906295754,423,43.7419169301019,90983.1872146119,831,35.2725571600481,82524.6113116727,594,15.7521043771044,48133.8371080139,365,31.4055555555556,65323.5555555556,680,38.6691176470588,80431.7647058823,487,32.0890486725664,66745.2212389381,263,26.698275862069,55532.4137931035,781,62.387323943662,173256.114596671,242,42.0644329896907,87494.0206185567,1553,503,1509,1336,1449,1476,1424,1531,1086,397,1357.47422680412,1891.1696969697,1585.73453608247,469,1095,1181,1505
"OK","Oklahoma","Yes"," by endorsement","yes",NA,NA,"yes","yes",NA,"500;",500,"yes",NA,"yes","yes","yes",NA,"50; 65 for license by reciprocity","50",NA,NA,NA,"16","2","yes",NA,"yes",314,43.5,45000,109105.352941176,51924,"3943079","7.3","72.2","7.7","7.8","2.1","0.1","10.9",660,10.3274924242424,21481.1842424242,788,40.2982233502538,83820.3045685279,343,17.1348396501458,35640.4664723033,330,14.8219696969697,30829.696969697,720,14.9090555555556,31010.8355555556,559,14.3300919117647,29806.5911764706,"291",13.211743772242,27480.4270462634,734,18.2275204359673,37913.242506812,581,18.0823407917384,37611.2688468159,205,NA,NA,809,45.2869468479604,71019.7095179234,457,14.9305555555556,51265.8959731544,340,25.0216049382716,52044.9382716049,556,45.1471238938053,93906.017699115,345,43.2884615384615,90039.9999999999,313,22.4586764705882,46714.0470588235,706,17.7457152974504,194352.796296296,286,54.3532608695652,113054.782608696,1195,464,1139,1055,967,1076,1121,1396,795,361,918.062146892655,1201.51048951049,1025.06214689266,278,799,1212,1285
"OR","Oregon","Yes"," by endorsement, but $250 to review transcripts and had to be licensed out of state","yes",NA,"yes","yes","yes",NA,"625; The Board requires 625 hours/25 quarter credits/15.74 semester credits of education from an accredited or Department of Education approved school with the following:
The 625 hours/25 quarter credits/15.74 semester credits of education must include: 
A minimum of 200 hours/8 quarter credits/ 5.34 semester credits of health sciences, consisting of Anatomy and Physiology, Pathology, and Kinesiology; and 
A minimum of 300 hours/12 quarter credits/8 semester credits of Massage Theory and Practical Application, Clinical Practice, Business Development, Sanitation, Communication, and Ethics. 
The remaining 125 hours/5 quarter credits /2.4 semester credits required may be in any of the above subject areas",625,"Yes; and a state jurisprudence exam",NA,"4yes.5","yes","yes","100","100 - 200","2 years, expires the day before the month of birthday, even year births renew on even years and odd on odd years; The Initial License Fee is based upon renewal date, which is based upon applicant birth month/year. Individuals born in odd numbered years will renew every odd numbered year, regardless of when their initial license was issued. Those born during an even year will renew every even year. Additionally, licensees must renew before the first day of their birth month. If an applicant’s first renewal is less than 12 months from time of issuance, the Initial License Fee is $100.00. If the applicant’s first renewal is more than 12 months from date of issuance, the Initial License Fee is $200.00.",1,NA,"3 moral character references",NA,NA,"yes","yes","yes",469,33.1588486140725,76608.6956521739,364129.810344828,63426,"4190713","2.0","83.9","4.7","1.2","4.6","0.4","13.3",651,14.1609062980031,29454.6850998464,783,40.9029374201788,85078.1098339719,363,34.4918831168831,71743.1168831169,416,17.8930288461538,37217.4999999999,807,19.6490272614622,40869.9767038414,605,14.7869008264463,30756.7537190083,"265",21.0811320754717,43848.7547169811,772,20.4314637305699,42497.4445595854,590,24.2601694915254,50461.1525423728,315,NA,NA,847,39.2763813459268,99743.6050767414,516,18.7083333333333,45100.8293269231,192,19.7033898305085,40983.0508474577,582,33.6555942028985,70003.6359420289,361,37.9398826979472,78914.9560117302,471,20.2798264642082,42182.0390455531,756,24.9139351851852,178653.760582011,263,62.5,130000,1435,807,1500,1003,1283,1412,1217,1505,804,335,1715.11963190184,2387.98550724638,1993.78374233129,302,577,904,1500
"PA","Pennsylvania","Yes"," by endorsement, or temporary permit, http://www.pacodeandbulletin.gov/Display/pacode?file=/secure/pacode/data/049/chapter20/s20.2Yes",NA,NA,NA,"yes","yes",NA,"600;Massage therapy programs must provide at least 600 hours of in-class, postsecondary education instruction, including:

   (1)  At least 175 contact hours of instruction in anatomy and physiology, kinesiology and pathology, including training in the human immunodeficiency virus and related risks.

   (2)  At least 250 contact hours in massage therapy and bodywork assessment, theory and practice including sanitation, safety and hygiene.

   (3)  At least 25 contact hours in professional ethics, and business and law related to a massage therapy business.

   (4)  At least 150 contact hours in related courses appropriate to a massage therapy curriculum as set forth in §  20.13 (related to required knowledge base), including cardiopulmonary resuscitation.

 (b)  Massage therapy programs may meet the 600-hour requirement through both didactic and clinical courses.

 (c)  Externship hours may not be included in the 600-hour minimum education instruction. For purposes of this section, an externship is an offsite practical technique learning experience where the student’s supervision is provided by a licensed massage therapist, supervisor or other appropriate licensed health professional.

 (d)  Hours for practicing assigned techniques under indirect supervision may not be included in the 600-hour minimum education instruction.

",600,"yes",NA,"yes","yes","yes","100; 65 for temp permit",NA,"125 - 175; ",1,NA,NA,"24","2",NA,NA,"yes",593,34.5262478920742,43049.975,172920.62,60905,"12807060","11.2","80.1","2.6","0.2","3.6","0.0","7.6",719,11.9019471488178,24756.050069541,790,39.9341772151899,83063.088607595,480,34.6989247311828,72173.7634408602,496,18.1118951612903,37672.7419354838,817,18.4411872705018,38357.6695226437,654,14.5511926605505,30266.480733945,"439",15.6993166287016,32654.5785876993,776,21.656256443299,45045.0134020619,667,24.9565217391304,51909.5652173912,407,48.6630917159764,101219.230769231,812,36.3067179802956,72543.0782019704,611,15.5689198036007,63451.1013215859,394,33.3391927083333,69345.5208333333,693,49.8657045009785,103720.665362035,399,46.2127371273713,96122.4932249323,287,19.2871777003484,40117.3296167247,781,38.1330473751601,160243.012163892,258,39.477366255144,82112.9218106995,1539,723,1458,1232,1408,1410,1380,1521,957,263,1967.78823529412,3100.94444444444,2438.98235294118,596,1086,1110,1505
"RI","Rhode Island","Yes"," ","yes",NA,"yes","yes","yes",NA,"500;",500,"yes",NA,"yes","yes","yes","65",NA,"37.5",1,NA,"3 character letters","12","1",NA,"yes","yes; score of at least 63no",598,34.9581939799331,44545.462585034,252537.9,64340,"1057315","6.7","80.7","3.1","0.4","3.4","0.1","15.9",733,12.4045020463847,25801.3642564802,772,41.9488341968912,87253.5751295337,675,23.5962962962963,49080.2962962963,600,17.9733333333333,37384.5333333333,795,17.3501257861635,36088.2616352201,661,25.3415279878971,52710.378214826,"523",19.7820267686424,41146.6156787762,776,26.7417847938144,55622.9123711339,699,27.0423819742489,56248.1545064377,536,76.3339686861812,158774.654867257,818,33.6772616136919,63560.4981662592,625,17.5435950413223,87226.5115702479,418,28.2685406698565,58798.5645933015,749,40.825327510917,84916.6812227074,580,24.4573913043478,50871.3739130434,186,17.0860215053763,35538.9247311827,771,121.058365758755,161050.933381089,229,62.0205479452055,129002.739726027,1381,730,1492,1398,1415,1490,1431,1516,1106,172,3114.62130177515,4497.28965517241,3842.38461538462,628,1389,1190,1506
"SC","South Carolina","Yes"," by endorsement","yes",NA,NA,"yes","yes",NA,"500;",500,"yes",NA,"yes","yes","yes","50","100",NA,NA,NA,NA,"12/2years",NA,NA,"yes","yes",475,37.3126315789474,81450,181933.171428571,52306,"5084127","26.6","67.0","2.4","0.5","1.6","0.1","5.8",708,11.9373234463277,24829.6327683616,768,40.451171875,84138.4375,530,30.8867924528302,64244.5283018868,663,13.6496865203762,28391.3479623825,759,15.909255599473,33091.2516469038,610,13.1678278688525,27389.0819672132,"344",16.0755813953488,33437.2093023255,764,15.7789594240838,32820.2356020943,668,23.7094758064516,49315.7096774193,285,NA,NA,796,45.9254962311558,80934.7933417085,596,13.4428633975482,68491.0083892617,190,31.8165467625899,66178.417266187,712,23.8184165232358,49542.3063683305,502,32.9843400447427,68607.4272930648,234,19.4820574162679,40522.6794258372,771,31.3242542153048,226656.784046693,200,62.5,130000,1339,281,1414,1288,1313,1253,1266,1527,556,525,1261.41972920696,1720.70065075922,1464.59767891683,225,517,893,1463
"SD","South Dakota","Yes"," by endorsement","yes",NA,"yes","yes","yes","yes","500; 125 anatomy/physiology/kinesiology, 40 pathology, 200 massage/bodywork theory/assessment/practice,10 business/professionalism, 6 ethics, 125 in any related massage modality, 200 hours must be supervised by instructor",500,NA,NA,"yes","yes","yes","100","65",NA,NA,NA,NA,"8/2 years",NA,"yes",NA,NA,45,27.48,NA,164059.75,56274,"882235","2.2","84.0","2.7","8.8","1.7","0.0","3.9",285,10.8760465116279,22622.176744186,786,41.4440203562341,86203.5623409669,85,16.3888888888889,34088.8888888889,136,12.5060975609756,26012.6829268292,653,16.8131699846861,34971.3935681471,205,14.5338235294118,30230.3529411765,NA,NA,NA,665,15.6208345864662,32491.3359398497,477,10.5,21840,92,NA,NA,757,48.8323778071334,83355.8741610738,80,13.7807692307692,47571.5,215,33.1567164179104,68965.9701492536,208,42.2604504504504,87901.7369369368,20,NA,NA,649,24.9690226876091,51935.5671902269,489,45.4104498977505,208178.96868476,10,56,116480,443,271,417,399,228,246,229,641,101,87,969.703703703704,1209.04651162791,1022.17901234568,101,300,187,567
"TN","Tennessee",NA,NA,"yes",NA,NA,"yes","yes",NA,"500; 200 hours Health Sciences, 200 hours Massage, 85 hours Allied Modalities, 10 hours Ethics, 5 hours TN Massage Law",500,"yes",NA,"yes","yes","yes",NA,"275",NA,NA,"12 weeks","Yes, 2, anyone licensed in healthcare, doctor, nurse, dentist, and so on","24; only 8 allowed online, TN law and ethics needed","2",NA,"yes","yes",385,34.8367697594502,58279.4117647059,177130.291666667,52375,"6770010","16.8","77.3","2.2","0.3","1.8","0.1","5.5",725,11.2593103448276,23419.3655172414,786,41.1774809160305,85649.1603053434,399,24.6158854166667,51201.0416666667,538,13.9219330855019,28957.620817844,769,15.8910923276983,33053.4720416125,649,12.2200154083205,25417.6320493066,"25",12.3,25584,772,18.3856865284974,38242.2279792746,658,17.8172492401216,37059.8784194529,305,57.6923076923077,120000,825,32.7480909090909,93547.422,527,13.8064516129032,73428.3801546392,48,NA,NA,625,85,176800,444,16.8611940298507,35071.2835820895,323,16.2176612903226,33732.735483871,797,18.8788331242158,192659.740276035,32,62.5,130000,1301,434,1324,1062,1153,1050,1153,1516,478,445,1276.51034482759,1927.05817174515,1521.15977011494,351,725,1014,1501
"TX","Texas",NA,NA,"yes",NA,NA,"yes","yes","yes","500; 200 hours of massage therapy techniques and theory and the practice of manipulation of soft tissue,
with at least 125 hours of Swedish massage therapy techniques;
• 50 hours of anatomy;
• 25 hours of physiology;
• 50 hours of kinesiology;
• 40 hours of pathology;
• 20 hours of hydrotherapy;
• 45 hours of massage therapy laws and rules, business practices and professional ethics;
• 20 hours of health and hygiene, first aid, universal precautions, and cardiopulmonary resuscitation
(CPR);
• a 50-hour internship.",500,"Yes; and a state jurisprudence exam",NA,"yes","yes","yes","100",NA,NA,1,NA,NA,NA,NA,NA,NA,"yes; and state juriprudence exam",602,31.4867109634551,54295.3321364452,195904.483180428,60629,"28701845","12.3","73.5","2.7","0.5","5.0","0.1","39.6",739,11.4334828101644,23781.6442451419,792,40.9438131313131,85163.1313131312,579,35.102787456446,73013.7979094077,514,17.2657170923379,35912.6915520628,755,18.1316291390728,37713.7886092714,600,15.3994583333333,32030.8733333333,"308",16.5115511551155,34344.0264026402,757,18.4555680317041,38387.5815059445,659,21.8731031866464,45496.0546282245,540,64.7227017281707,134623.219594595,823,51.0157958687728,92523.5109356015,574,15.859137630662,58664.8118466899,175,21.3942307692308,44500.0000000001,681,47.1347708894879,98040.3234501348,521,32.9176356589147,68468.6821705426,478,28.0491071428571,58342.1428571428,789,26.3521863117871,179827.771830986,494,55.3513189448441,115130.743405276,1332,1052,1408,1272,1363,1277,1358,1512,917,1037,1360.03793774319,2057.52846401719,1662.07344357977,438,1256,1240,1493
"UT","Utah",NA,NA,"yes",NA,NA,"yes","yes","yes","600; complete 1000 hours as apprentice or 125 hours of anatomy, physiology and kinesiology
40 hours of pathology
285 hours of massage theory and techniques, including basic Swedish and hands-on instruction
35 hours of ethics, professional standards, and businesses practices
15 hours of sanitation, universal precautions, CPR and first aid
100 hours of student clinic",600,"yes",NA,"yes","yes","yes","95","60","52",NA,NA,NA,NA,"2, all expire May 31st of odd numbered years, Massage therapist application processing fee: $95
Massage apprentice application processing fee: $70
Licensing fee: $60
Renewal fee: $52",NA,"yes","yes",626,38.7635782747604,40622.4110671937,319213.451612903,71414,"3161105","1.3","85.7","3.2","1.1","2.4","0.9","14.2",744,12.0515793010753,25067.2849462366,779,40.6553273427471,84563.080872914,428,32.9123831775701,68457.7570093458,544,18.0209099264706,37483.4926470589,786,16.6848727735369,34704.5353689567,588,20.0820578231293,41770.6802721089,"509",18.0029761904762,37446.1904761905,785,18.5583184713376,38601.3024203822,676,27.192775974026,56560.9740259741,568,43.3956047638688,90262.8579088472,783,56.2234993614304,88075.4978843441,597,17.0561139028476,64948.2788296041,497,31.2018442622951,64899.8360655738,481,NA,NA,609,26.6010101010101,55330.101010101,186,16.5,34320,777,50.3893693693694,141861,127,60.7476635514019,126355.140186916,1509,817,1443,1163,1291,1221,1420,1517,769,233,1349.73127753304,1774.86153846154,1529.16960352423,431,832,1065,1516
"VA","Virginia","Yes"," by endorsement, see notes 2","yes",NA,NA,"yes","yes","yes","500;",500,"yes",NA,"yes","yes","yes","140",NA,NA,NA,NA,NA,NA,NA,NA,"yes","yes",659,34.584597875569,69386.38170347,252271.369863014,72577,"8517685","19.2","67.4","4.1","0.3","6.5","0.1","9.5",736,11.9454823369565,24846.6032608695,785,40.8738853503185,85017.6815286625,603,28.4539800995025,59184.2786069652,659,17.8072837632777,37039.1502276176,777,17.7350707850708,36888.9472329473,631,12.3589936608558,25706.7068145801,"342",13.7236842105263,28545.2631578947,756,18.3812367724868,38232.9724867725,721,32.9750346740638,68588.0721220527,654,50.7218245907067,105501.39514867,799,46.9877346683354,95657.3066332916,657,16.7986910197869,84871.0646879757,428,25.4426829268293,52920.7804878049,728,56.5909090909091,117709.090909091,645,35.5255813953488,73893.2093023255,461,20.2070217917676,42030.6053268766,758,20.8436675461741,179469.941952507,345,57.9285714285714,120491.428571429,1483,663,1503,1389,1431,1445,1462,1519,728,579,1705.23198594025,2678.69857433809,2092.91388400703,561,846,1384,1504
"VT","Vermont",NA,NA,NA,NA,NA,NA,NA,NA,NA,NA,NA,NA,NA,NA,NA,NA,NA,NA,NA,NA,NA,NA,NA,NA,NA,NA,130,27.6086956521739,41785.7142857143,193815.545454545,60782,"626299","1.2","94.1","2.0","0.3","1.9","0.0","2.0",589,12.9596774193548,26956.129032258,787,40.9650571791614,85207.3189326557,65,18.3571428571429,38182.8571428572,255,22.5,46800,772,16.1658031088083,33624.8704663213,566,15.3089664310954,31842.6501766784,"523",17.6061185468451,36620.7265774378,749,17.8743324432577,37178.611481976,441,19.4266666666667,40407.4666666667,111,NA,NA,817,36.2911933904529,82164.2986536108,210,18.8333333333333,62000,243,24.197247706422,50330.2752293578,466,43.387323943662,90245.633802817,70,17,35360,688,23.4282576866764,48730.7759882869,697,26.3220946915352,223600.224522293,50,62.5,130000,716,247,865,439,508,589,575,1074,110,28,1707.11538461538,1768.75,1716.96153846154,91,286,471,1094
"WA","Washington","Yes"," by endorsement","yes",NA,NA,NA,NA,NA,"500; completed in no less than six months and must consist of the following:

One hundred thirty hours of anatomy, physiology, and kinesiology with a minimum of 40 hours of kinesiology.
Fifty hours of pathology.
Two hundred sixty-five hours of theory and practice of massage. A maximum of 50 of these hours may include time spent in a student clinic.
Fifty-five hours of clinical/business practices.",500,"yes",NA,"yes","yes","yes",NA,NA,NA,1,NA,NA,"24/2 years",NA,NA,"yes","yes",753,52.0139442231076,79286.0696517413,417702.860759494,74073,"7535591","3.9","74.8","6.0","1.3","8.8","0.7","12.9",738,14.4735772357724,30105.0406504066,786,41.1005089058524,85489.058524173,579,48.036701208981,99916.3385146805,680,18.1939338235294,37843.3823529411,805,19.2770124223603,40096.1858385094,670,27.3674253731343,56924.2447761193,"125",16.8,34944,798,22.1269047619048,46023.961904762,686,31.2802040816327,65062.824489796,637,77.2620197264077,160705.001030928,838,45.7230608591885,95238.477326969,694,20.8623919308357,66407.0244956772,101,16.0243902439024,33330.731707317,698,38.1669018404908,79387.1558282209,633,43.3357030015798,90138.262243286,333,18.6186440677966,38726.7796610169,812,33.431342364532,137909.256157635,482,56.2577282157676,117016.074688797,1553,1314,1525,1452,1508,1500,1520,1510,1256,514,1998.94047619048,3070.35162094763,2402.50992063492,470,1227,1360,1510
"WI","Wisconsin","Yes"," stated as reciprocity, but the rules and checklist the same as the new applicants and must have same school hours of education, no mention of work history experience or having been licensed for so many months or years if under on hours. https://dsps.wi.gov/Credentialing/Health/fm2960.pdf  Also, with a 6 month temporary permit","yes",NA,NA,"yes","yes","yes","600;",600,"yes, and a state jurisprudence exam with 85% score or better",NA,"yes","yes","yes","75","75, new applicants; 82, reciprocity applicants","62",1,NA,NA,NA,"2, every odd year on 2/28","yes","yes","yes, and a state jurisprudence exam with 85% score or better",388,39.0949738903394,44261.5520833333,170618.961538462,60773,"5813568","6.4","85.3","2.5","0.9","2.8","0.0","6.9",669,10.5695067264574,21984.5739910314,781,39.8495518565941,82887.0678617157,465,29.1826424870466,60699.8963730569,328,13.9512779552716,29018.6581469649,786,17.598155216285,36604.1628498728,589,13.7820033955857,28666.5670628183,"587",25.4552810902896,52946.9846678024,781,20.1528681177977,41917.9656850192,706,22.3618980169972,46512.7478753542,423,52.6204326923077,109450.5,828,40.082729468599,93875.2856280193,434,16.7394662921348,65711.8799392097,636,63.3852201257862,131841.257861635,621,44.0375375375375,91598.078078078,239,25.8462011173184,53760.0983240223,380,19.1208333333333,39771.3333333333,762,26.9695209973753,162110.25109489,99,59.9133333333333,124619.733333333,1416,405,1319,833,1162,950,935,1515,594,287,1562.35125448029,2018.44813278008,1762.09139784946,302,543,719,1488
"WV","West Virginia","Yes"," For application using Reciprocity, please provide us with a copy of your current license from the State where you practice along with copies of your current continuing education units (certificates) if licensed over two year and proof of the successful completion of the NCBTMB exam or MBLEx examination sent directly from the national organization.  http://www.wvmassage.org/faq.asp?show=qYes","yes",NA,NA,"yes","yes",NA,"500;",500,"yes",NA,"yes","yes","yes","50","300","200",NA,"14 days",NA,"24/2 years","2",NA,"yes","yes",126,26.8888888888889,46500,82370,44097,"1805832","3.8","93.0","1.9","0.1","0.7","0.0","1.4",625,10.0872,20981.376,779,40.2695763799743,83760.7188703466,130,14.4736842105263,30105.2631578947,181,11.3563218390805,23621.1494252874,732,15.0790027322404,31364.32568306,574,12.0154790940767,24992.1965156795,"268",19.5037313432836,40567.7611940299,724,18.6208908839779,38731.453038674,540,18.1259505703422,37701.9771863118,122,NA,NA,805,29.4681242236025,70487.549689441,220,12.3482051282051,48120.7058823529,278,18.8516483516484,39211.4285714287,432,33.5,69680,152,16.9415887850467,35238.5046728971,694,22.6832853025937,47181.2334293949,733,27.0364938608458,174401.36834925,69,26.8181818181818,55781.8181818181,560,264,456,405,322,556,270,1265,300,37,922.46875,1419.1,1000.0625,204,311,359,1325
"WY","Wyoming",NA,NA,NA,NA,NA,NA,NA,NA,NA,NA,NA,NA,"yes","yes","yes",NA,NA,NA,NA,NA,NA,NA,NA,NA,NA,NA,57,25,NA,240742.714285714,61584,"577737","0.6","91.5","2.4","2.8","1.0","0.2","10.0",401,11.089880952381,23066.9523809525,775,38.8348387096774,80776.464516129,30,NA,NA,41,16.6646341463415,34662.4390243903,453,15.7043598233996,32665.0684326712,309,14.9442281879195,31083.9946308726,"116",14.3614864864865,29871.8918918919,629,13.8295389507154,28765.441017488,401,16.3555,34019.44,84,26.4995192307692,55119,724,55.2069406077348,75151.9981167608,35,20,40154.5,NA,NA,NA,226,36,74880,45,15,31200,682,25.0117302052786,52024.3988269795,506,39.9183794466403,198480.820601852,8,62.5,130000,258,182,321,173,127,189,195,565,69,32,821.148148148148,1005.11111111111,846.055555555556,69,228,156,562
